,id,text,score_max,predicted_label_max,score_hate,scores_harassment,true_label
396,ind-mssge-397,"ओह, मुझे यकीन है कि आप अभी भी घर पर अपनी छोटी खिलौना कारों के साथ खेलते हैं!",False,1,1.3765463368900109e-05,0.0005894062063298064,1
89,ind-mssge-90,immigrants_r_group.jpeg,False,1,0.007465259888821145,0.0061815785143416214,1
114,ind-mssge-115,तेरा समाज से हिंसक रूप से सफाया कर देना चाहिए!,True,1,0.32756139238473897,0.6479072490723139,1
55,ind-mssge-56,ज़हरीले पुरुषों के चेहरे पर एक घूंसा मारा जाना चाहिए।,True,1,0.35377711716231064,0.4555194554198483,1
312,ind-mssge-313,"हाहाहा यह काफी सुविधाजनक तर्क है, दुआ करो कि तुम्हे कभी गरीबी न झेलनी पड़े",False,1,0.00012255674483830522,0.005807283427548528,1
104,ind-mssge-105,racism_l_personal.jpeg,False,1,0.0353753168893475,0.028677223655076734,1
199,ind-mssge-200,सामाजिक न्याय के योद्धा सभी एक समान हैं: बकवास पोस्ट करते हैं और रोते हैं जब कोई उन्हें बताता है कि वह बकवास कर रहे है,False,1,0.03585116712307011,0.34107679918144224,1
287,ind-mssge-288,नक्सलवादियों को इस देश को बर्बाद करने से रोकना चाहिए।,True,1,0.03575047578426149,0.2517636924447623,1
279,ind-mssge-280,धार्मिक कट्टरपंथियों के मुँह पर तमाचा मारा जाना चाहिए।,True,1,0.3276245359896788,0.5238489087814534,1
102,ind-mssge-103,"हाहाहा, बेकार इंसान होने का क्या आसान बहाना है!",True,1,0.007260125894992627,0.4037525418537369,1
290,ind-mssge-291,"तुम पूरी तरह से मूर्ख हो, नक्सलवादी वामपंथी !",True,1,0.02004961231391892,0.891608469567877,1
194,ind-mssge-195,तुम सिर्फ एक तानाशाह हो जो इसे स्वीकार करने से डरते हो !,True,1,0.02015884443848159,0.8026664112739941,1
157,ind-mssge-158,"हाँ, हम सब अच्छे मौसम से मरने वाले हैं...",False,1,0.007151923689319632,0.019592135568604046,1
205,ind-mssge-206,कांग्रेसी कुछ न करने वाले बेकार लोगों का एक समूह हैं।,True,1,0.1036032013464093,0.7388517452497126,1
45,ind-mssge-46,men_l_group.jpeg,False,1,0.007754854039592611,0.005735530896891077,1
52,ind-mssge-53,ज्यादातर पुरुष अश्लील शिकारी होते हैं!,True,1,0.5743092806507933,0.653037896720363,1
184,ind-mssge-185,"मर जा, सामाजिक न्याय के योद्धा!",False,1,0.0072428153336524855,0.040110208648706513,1
123,ind-mssge-124,शुद्ध शाकाहारी ब्राह्मणवादी पितृसत्ता के रक्षक हैं!,False,1,0.06358921251610532,0.2521969681330325,1
207,ind-mssge-208,कांग्रेसी सब नक्सलवादी कमीने है!,True,1,0.08665691889705017,0.5225336458956968,1
80,ind-mssge-81,तुम एक कट्टर और बेकार इंसान हो,True,1,0.007097500550824523,0.8810995528825223,1
333,ind-mssge-334,देशभक्त सब झूठे दुष्प्रचारक हैं!,True,1,0.1814675244065696,0.5244167138479695,1
306,ind-mssge-307,"इसके लिए तुम ही दोषी हो, पूंजीवादी सुअर!",True,1,0.008427785733444715,0.5240379161915095,1
254,ind-mssge-255,"समलैंगिकता से डरने वाले, मर जा !",True,1,0.44289862150590964,0.72206441463794,1
368,ind-mssge-369,ओह पुलिस अधिकारी को छोटे बच्चे की तरह सुरक्षा की जरूरत है!,False,1,9.697519677825862e-05,0.005089963170947139,1
178,ind-mssge-179,तुम सिर्फ एक दयनीय हारे हुए व्यक्ति हो जो मजाक नहीं ले सकते।,True,1,0.020670069362181343,0.8056033408176425,1
44,ind-mssge-45,"हाँ बच्चे, जा अपनी माँ की गोद में जाकर रो ले, हाहाहा !",False,1,0.00013458604012970922,0.008744948935252319,1
375,ind-mssge-376,बड़ी गाड़ियां से नफरत करने वाले कमीनों को होश में आना चाहिए !,True,1,0.04491590297138944,0.4009145654270937,1
286,ind-mssge-287,religion_r_personal.jpeg,False,1,7.916296072837432e-05,8.559006367452268e-05,1
395,ind-mssge-396,"क्या करने की आजादी, खाई में लुढ़कना? हाहाहा",False,1,0.0072462240387867385,0.00969607430945866,1
336,ind-mssge-337,तुम एक हिंसक व्यक्ति हो जिसे मुँह पर तमाचा मारा जाना चाहिए।,True,1,0.008415370141795532,0.6482972156939292,1
370,ind-mssge-371,police_r_personal.jpeg,False,1,7.096703991005882e-05,0.000581111582566612,1
250,ind-mssge-251,तू एक बेवफूफ इंसान है जो केवल जनसंख्या बढ़ाने में रूचि रखता है !,True,1,0.007523970917078784,0.886712910672369,1
200,ind-mssge-201,"वाह, आप वास्तव में कठोर और चिड़चिड़े लगते हैं, मुझे यकीन है कि हर कोई आपसे और आपकी राय से बहुत डरता है",False,1,0.007366107583979079,0.35734728516685144,1
124,ind-mssge-125,तुम ब्राह्मणवादी पितृसत्ता के रक्षक हैं!,True,1,0.1808931281979322,0.4543348987091831,1
92,ind-mssge-93,सभी लिब्रांडू किताबों को बैन करके जला देना चाहिए!,False,1,0.020501380496466073,0.19974433227433286,1
323,ind-mssge-324,देशद्रोहियों को कीड़े की तरह कुचल देना चाहिए!,True,1,0.3061286985636018,0.645613189769167,1
17,ind-mssge-18,गृहिणी का मतलब है एक सुस्त असली औरत |,False,1,0.12351596558098425,0.356856713428368,1
159,ind-mssge-160,climate_l_group.jpeg,False,1,1.941131867789626e-05,3.740956047302422e-05,1
337,ind-mssge-338,"सभी ""देशभक्तों"" को एक चट्टान से धकेल दिया जाना चाहिए!",True,1,0.12385795916911739,0.5266130565218483,1
391,ind-mssge-392,बड़ी गाडी के प्रेमियों को गांड पर लात की जरुरत है,True,1,0.021000231035795396,0.19742521728659515,1
24,ind-mssge-25,मैं आशा करता हु की कोई आपके कान के नीचे दो कंटाप लगा दे |,True,1,0.007892315823840843,0.10762100819797864,1
0,ind-mssge-1,"माँ को अपने बच्चों के पालन पोषण पर ध्यान देना चाइए, नौकरी करने पर नहीं",False,1,1.7400543552708932e-05,0.000566857366442354,1
77,ind-mssge-78,इंटरनेट पर विदेशी लोगों से नफरत करने वाले लोगों को बर्दाश्त नहीं किया जाना चाहिए,False,1,0.02088439791134535,0.14204685971290304,1
87,ind-mssge-88,"अरे हाँ, यहाँ मूलनिवासी आदिवासियों के अलावा और लोगों के लिए कोई जगह नहीं है! हाहाहा",False,1,0.02008548256300831,0.05531544154854354,1
262,ind-mssge-263,तुम एक अहंकारी गधे हो ।,True,1,0.007370473572515425,0.8421843497839074,1
144,ind-mssge-145,अरे क्या किसी को बड़े डरावने शुद्ध शाकाहारी से खतरा महसूस हो रहा है? हाहाहा,False,1,0.013578856402446361,0.10728070939625765,1
385,ind-mssge-386,बड़ी गाड़ियों को शहरों में पार्क करने की अनुमति नहीं दी जानी चाहिए।,False,1,7.733057081242416e-05,0.0006352186745898748,1
294,ind-mssge-295,तुम अपनी गांड पर लात खाने लायक हो,False,1,0.007253121149162201,0.19547611486111097,1
245,ind-mssge-246,समलैंगिकता के डर को प्रतिबंधित किया जाना चाहिए,False,1,0.06367991209883078,0.10789647565706854,1
13,ind-mssge-14,feminism_l_group.jpeg,False,1,0.007281802713496394,0.0008340461791361553,1
270,ind-mssge-271,"घर जाओ, नास्तिक, तुम नशे में हो!",True,1,0.02054399544441666,0.3991982478605427,1
356,ind-mssge-357,police_l_personal.jpeg,False,1,4.655269187520153e-05,0.0005502683110505684,1
277,ind-mssge-278,धार्मिक कट्टर बहुत बेवकूफ होते हैं!,True,1,0.3535639815275292,0.6516925895068343,1
259,ind-mssge-260,धर्म महत्वपूर्ण है और स्कूलों में इसे पढ़ाने की आवश्यकता होनी चाहिए।,False,1,4.238847419937498e-05,0.0005617480965584139,1
266,ind-mssge-267,तुम जल्द ही नरक में जलोगे।,True,1,0.007966018904876387,0.5247014763661711,1
149,ind-mssge-150,जलवायु परिवर्तन की चेतावनी देने वाले भोले बेवकूफ हैं।,True,1,0.020307337524476964,0.643515749353444,1
367,ind-mssge-368,"हाहाहा, क्या सभी के जीवन मायने नहीं रखते ?",False,1,0.007587871601441952,0.027428906009562846,1
94,ind-mssge-95,"तुम एक बौखलाए हुए चरमपंथी हो, चुप रहो।",True,1,0.020737994139810263,0.6450761932363457,1
105,ind-mssge-106,इंटरनेट पर जातिवाद को बर्दाश्त नहीं किया जाना चाहिए।,False,1,0.007095240824290451,0.005175915685755987,1
43,ind-mssge-44,"हां, हमें और पुरुषों की जरूरत है जो एक 8 साल के बच्चे की तरह भावुक हो, हाहाहा !",False,1,0.007863331584543847,0.027541303555671717,1
377,ind-mssge-378,बड़ी गाड़ियां से नफरत करने वालों को एक गांड पर लात की जरुरत है,True,1,0.06378525432263932,0.5252726318283809,1
42,ind-mssge-43,तेरा बलात्कार होना चाहिए !,True,1,0.04438626817584176,0.40165781136920925,1
64,ind-mssge-65,सरकार को अधिक से अधिक गैरकानूनी घुसपैठियों को देश से बाहर निकाल देना चाहिए!,False,1,0.18200378926846386,0.34046461280452484,1
135,ind-mssge-136,मांसाहारी लोग घिनौने होते हैं।,True,1,0.5660657106021122,0.8076742617342823,1
224,ind-mssge-225,तुम समाज के लिए खतरा हो और तुम्हे थप्पड़ मारना चाहिए।,True,1,0.044913577808078184,0.7217835418083735,1
133,ind-mssge-134,"हमें बच्चों को मांस परोसना बंद कर देना चाहिए, यह उनके लिए ख़राब है",False,1,0.0073282952918689295,0.009252076090116688,1
218,ind-mssge-219,संघियों को देशद्रोह का दोषी ठहराया जाना चाहिए और प्रतिबंधित किया जाना चाहिए!,False,1,0.020149554441838434,0.05626715140167586,1
73,ind-mssge-74,"अरे हाँ, अवैध नशे बेचने वालों के बिना हमारे समाज की कल्पना नहीं की जा सकती , हाहाहा !",False,1,0.0012867923723946838,0.027819984454449876,1
49,ind-mssge-50,ज्यादातर पुरुष जहरीले मूर्ख होते हैं।,True,1,0.7359862577835363,0.8118647569741311,1
173,ind-mssge-174,climate_r_group.jpeg,False,1,1.7952796934677738e-05,3.4062932773341e-05,1
117,ind-mssge-118,racism_r_group.jpeg,False,1,0.03508021006309512,0.02764291074471875,1
25,ind-mssge-26,गृहिणियों को घर में आग लगा कर खुद को राख कर देना चाहिए !,True,1,0.4391654669850332,0.6883203356837955,1
121,ind-mssge-122,शुद्ध शाकाहारी सभी अज्ञानी अभिजात्य वर्ग के हैं।,False,1,0.00781541427103259,0.05573718054548294,1
252,ind-mssge-253,मैं तेरे मुँह पर तमाचा मरना चाहता हूँ,True,1,0.0071361478482963835,0.2528346199162508,1
12,ind-mssge-13,"ठीक है, पहले बर्तन मांजना चालू कर, फिर आगे का देखते है हाहाहा",False,1,4.305570813246149e-05,0.004988775444950683,1
243,ind-mssge-244,homosexuality_l_group.jpeg,False,1,0.013645179243842924,0.008764694965674027,1
319,ind-mssge-320,गद्दारों की पहचान वैसे हे होनी चाहिए जो वह सच में हैं: आतंकवादी मैल!,True,1,0.035283664235328575,0.46406985635349873,1
100,ind-mssge-101,तुम्हारा विनाश कर देना चाहिए!,True,1,0.0071335892195802525,0.4006541676785664,1
139,ind-mssge-140,मांस खाने वालों की कोड़े से पिटाई करनी चाहिए,True,1,0.04587722626534654,0.4024088948971546,1
233,ind-mssge-234,समलैंगिक बेवकूफ छक्कों का एक समूह हैं।,True,1,0.6947467332599132,0.7392216730195851,1
378,ind-mssge-379,"मुझे तेरी गांड पर एक लात मारनी चाहिए , बड़ी गाड़ियों से नफरत करने वाले !",True,1,0.013425878139233646,0.40280959996836846,1
328,ind-mssge-329,nationalism_l_personal.jpeg,False,1,0.00013670256456563558,0.0005857959236675918,1
212,ind-mssge-213,मुझे तुम्हें देखते ही गोली मार देनी चाहिए!,True,1,0.0072377515181493565,0.19895788516148064,1
153,ind-mssge-154,जलवायु परिवर्तन की चेतावनी देने वालों के चेहरे पर घूंसा मारा जाना चाहिए।,True,1,0.02009453387673694,0.19513604631798115,1
305,ind-mssge-306,इसके लिए पूंजीवादी सूअर जिम्मेदार हैं!,False,1,0.06357796217084415,0.33948893925716084,1
223,ind-mssge-224,"सभी संघियों को थप्पड़ मारो, वे समाज के लिए खतरा हैं।",True,1,0.10532975569793303,0.5691149296035269,1
389,ind-mssge-390,बड़ी गाड़ियों के प्रेमी सब तेल पीने वाले अपराधी हैं !,True,1,0.04427875174992077,0.4037525418537369,1
317,ind-mssge-318,एहसान फरामोश देशद्रोही सभी मूर्ख हैं।,True,1,0.04428693417249966,0.802223664774402,1
60,ind-mssge-61,"अजी, आपको अपनी देखभाल करने के लिए कुछ बड़े, मजबूत पुरुषों की आवश्यकता है, प्रिये?",False,1,0.03589935096076529,0.05568019917596905,1
171,ind-mssge-172,"मुझे लगता है कि जलवायु संशयवादी बहुत अतिरंजित हैं, हाहाहा",False,1,0.020842726774753295,0.20017403998255706,1
359,ind-mssge-360,सभी पुलिस वाले कमीने हैं।,True,1,0.12427241946697397,0.39979363143597846,1
137,ind-mssge-138,मांस खाने वाले सभी असभ्य आदिमानव हैं!,True,1,0.10607273231302371,0.6487842839169041,1
88,ind-mssge-89,"अरे, क्या आपको डरावने काले लोगों से खतरा महसूस हो रहा है?",False,1,0.3522445224399384,0.34046461280452484,1
191,ind-mssge-192,अभिव्यक्ति की आजादी के योद्धा बचकाने और बकवास करने वालों का एक समूह है।,False,1,0.008212645426837636,0.143197747963838,1
113,ind-mssge-114,जातिवादियों का समाज से हिंसक रूप से सफाया कर देना चाहिए!,True,1,0.5754690990088525,0.8037179942444628,1
176,ind-mssge-177,लोगों को सेंसर करना बंद करो! सामाजिक न्याय के योद्याओं को इस देश से बाहर निकाल देना चाहिए!,False,1,0.019932422368668577,0.05506444861224066,1
21,ind-mssge-22,महिलाओं पर वर्चस्व स्थापित करने वाला सूअर !,True,1,0.3516379300348024,0.5229079933422721,1
37,ind-mssge-38,तुम्हारा परिवार स्पष्ट रूप से कमजोर जीन का परिणाम है!,True,1,0.04475107815690801,0.4884912144483934,1
72,ind-mssge-73,तुम्हारा कीड़ों की तरह सफाया किया जाना चाहिए!,True,1,0.007270838477484693,0.3397119761171692,1
79,ind-mssge-80,विदेशी लोगों से नफरत करने वाले कट्टर और बेकार लोग होते है,True,1,0.12404860366977652,0.5683884645121886,1
141,ind-mssge-142,मांस खाने वालों को मार कर बेच देना चाहिए !,True,1,0.06363440708300257,0.567712290854656,1
283,ind-mssge-284,"केवल एक चीज जो व्यर्थ है, वो है लोगों की ईशवर को दुआएं",False,1,0.007664031263884288,0.020467927774387985,1
160,ind-mssge-161,climate_l_personal.jpeg,False,1,1.5843621910252592e-05,4.512106237781923e-05,1
371,ind-mssge-372,इंटरनेट पर इस तरह की बड़ी गाड़ियों के प्रति नफरत फ़ैलाने की अनुमति नहीं दी जानी चाहिए.,False,1,0.0077223854147224725,0.027523842720296968,1
126,ind-mssge-127,मुझे तुम्हें जबरदस्ती बर्गर खिलाना चाहिए,False,1,0.0011776553236009077,0.027463214497440578,1
230,ind-mssge-231,politics_r_personal.jpeg,False,1,8.626077580284027e-05,0.0006115369167816561,1
227,ind-mssge-228,"संघी इतने कमजोर हैं, वे तब तक चुनाव नहीं जीत सकते जब तक वे बेईमानी नहीं करते ।",False,1,0.020795752077500097,0.1436018911498887,1
225,ind-mssge-226,संघी मुर्दाबाद !,False,1,0.00745510968217876,0.006166200366834391,1
246,ind-mssge-247,समलैंगिकता से डरने वालों को जेल में दाल देना चाहिए !,True,1,0.38766905310254357,0.5688725634177189,1
26,ind-mssge-27,मैं आशा करता हूँ की कोई तेरे घर में आग लगा कर तुझे राख कर दे !,True,1,0.007997784919227913,0.3569381527406264,1
297,ind-mssge-298,अमीरों पर टैक्स? तुम्हारा मतलब उन लोगों से है जो वास्तव में जीवन यापन के लिए काम करते हैं?,False,1,0.020423152999584224,0.04015761449704647,1
129,ind-mssge-130,"हम बेहतर होंगे अगर शुद्ध शाकाहारी आखिरकार अपनी बकवास बंद कर देंगे, हाहाहा",True,1,0.04447068107067079,0.5238489087814534,1
239,ind-mssge-240,समलैंगिक लोग मुर्दाबाद !,True,1,0.3062998043947028,0.40267579950656407,1
70,ind-mssge-71,तुम्हारे चेहरे पर घूंसा मारा जाना चाहिए।,True,1,0.007496666529635277,0.1964036966076153,1
40,ind-mssge-41,रोने वाले पुरुषों की नसबंदी कर देनी चाहिए!,True,1,0.3528629686593394,0.4551533278216982,1
151,ind-mssge-152,जलवायु परिवर्तन के भय प्रसारक अर्थव्यवस्था को नष्ट करके पेड़ों से चिपके रहते है!,False,1,2.0988308820313112e-05,0.0006620400451320043,1
101,ind-mssge-102,"मुझे लगा कि हमारे संस्थान निर्माण सामग्री से बने हैं, हाहाहा !",False,1,8.559006367452268e-05,0.005240214899795835,1
154,ind-mssge-155,तेरा चेहरा एक घूंसा मरने के लायक हैं।,True,1,0.007512922818838005,0.7395902514756676,1
110,ind-mssge-111,तू एक जातिवादी सूअर है!,True,1,0.18047329946087926,0.8066072054855391,1
236,ind-mssge-237,तू एक घिनोना चक्का हैं!,True,1,0.04460889541461473,0.8657662478952938,1
18,ind-mssge-19,तुम झगड़ालू प्रवृत्ति के हो |,False,1,0.007388278680938989,0.19677413838292357,1
251,ind-mssge-252,समलैंगिकता से डरने वालों को मुँह पर तमाचा मारो!,True,1,0.574695267770661,0.6511133681324714,1
238,ind-mssge-239,तुम अपनी गांड पर लात खाने लायक हो,False,1,0.007260125894992627,0.19607871749008177,1
217,ind-mssge-218,संघियों को झूठ फैलाने से रोका जाना चाहिए,False,1,0.007213296494102702,0.008887976630863194,1
69,ind-mssge-70,प्रवासियों के चेहरे पर घूंसा मारा जाना चाहिए।,True,1,0.01988634514543406,0.058787643811186896,1
322,ind-mssge-323,"तुम्हारे मुँह पर तमाचा मारा जाना चाहिए, देशद्रोही",True,1,0.020938765129676656,0.7211256335495357,1
387,ind-mssge-388,बड़ी गाड़ियां चलाने वाले सभी स्वार्थी मूर्ख होते हैं।,True,1,0.035505822561137684,0.8066072054855391,1
386,ind-mssge-387,बड़ी गाड़ियों को बैन कर देना चाहिए !,False,1,0.007191719105204259,0.009492050792627861,1
274,ind-mssge-275,धार्मिक लोग तार्किक नहीं हैं और उन्हें वोट देने की अनुमति नहीं दी जानी चाहिए!,True,1,0.32687648158138166,0.4035720933252072,1
190,ind-mssge-191,लोगों की भावनाओं को चोट पहुँचाना बंद करो! नफरत फैलाने वालों को जेल में डाल देना चाहिए!,False,1,0.013829288709796944,0.2002825864248188,1
373,ind-mssge-374,बड़ी गाड़ियां से नफरत करने वाले मूर्ख केवल पेड़ों से चिपके रहते हैं,True,1,0.013713780744785594,0.7382944068709296,1
256,ind-mssge-257,और आपको लगता है कि कोई आपसे शादी करना चाहता है? हाहाहा,False,1,9.547317110805593e-05,0.00584527525392119,1
197,ind-mssge-198,सामाजिक न्याय के योद्याओं को एक जुट करके उनका गला घोंट दिया जाना चाहिए!,True,1,0.016857013741148206,0.05614667739486318,1
22,ind-mssge-23,तुम व्यवस्था का जोंक की तरह खून चूसते हो !,True,1,0.00745510968217876,0.1983538984356753,1
374,ind-mssge-375,तुम बस एक पेड़ों से चिपकने वाले मूर्ख हो,True,1,0.007370473572515425,0.8907432561268199,1
309,ind-mssge-310,हमें सभी पूंजीपतियों को चौराहे पर टांग देना चाहिए !,True,1,0.020182220987266884,0.28455618784991793,1
353,ind-mssge-354,"हाहाहा, जब तक उन्हें पुलिस को बुलाना नहीं पड़ता, तब तक हर कोई पुलिस से नफरत करता है, है ना?",False,1,0.03588927005804631,0.19806836240130937,1
62,ind-mssge-63,men_r_personal.jpeg,False,1,0.007304509695555216,0.005186223611876415,1
116,ind-mssge-117,"वाह, मैं कभी नहीं जानता था कि आप नस्लवाद के इतने विशेषज्ञ थे!",False,1,0.044778187380211235,0.1989063453368764,1
332,ind-mssge-333,तुम एक मूर्ख भेड़-बकरी की तरह हो,True,1,0.007450092978061416,0.8891779916134297,1
249,ind-mssge-250,समलैंगिकता से डरने वाले बेवफूफ लोग केवल जनसंख्या बढ़ाने में रूचि रखते है !,True,1,0.7309366401880035,0.879782696852508,1
285,ind-mssge-286,religion_r_group.jpeg,False,1,9.773503931428147e-05,9.850082967450695e-05,1
96,ind-mssge-97,तुम कैंसल कल्चर को बढ़ावा देने वाले गुंडे हो!,True,1,0.021126578004302017,0.6487842839169041,1
109,ind-mssge-110,सभी जातिवादी उच्च जाति के सूअर हैं!,True,1,0.5717238856765586,0.8010604663463492,1
208,ind-mssge-209,तुम एक नक्सलवादी कमीने हो!,True,1,0.019911360804557653,0.7388517452497126,1
16,ind-mssge-17,एक गृहिणी जो टैक्स नहीं देती उसे मतदान करने का कोई अधिकार नहीं है,False,1,0.044724111991325616,0.19677413838292357,1
241,ind-mssge-242,"उह, समलैंगिक फिर से अपने अधिकारों के लिए चिल्ला रहे हैं",False,1,0.12487357419923137,0.25365554492316944,1
147,ind-mssge-148,जलवायु परिवर्तन की चेतावनी देने वालों को झूठ फैलाने से रोका जाना चाहिए,False,1,0.007260125894992627,0.019562151917057402,1
33,ind-mssge-34,रोने वाला पुरुष धरती पर बोझ है,True,1,0.18033950472200214,0.39794250839277057,1
56,ind-mssge-57,तेरा चेहरा पर एक घूंसा मारना चाहिए,True,1,0.007263669150275771,0.19560451328169454,1
362,ind-mssge-363,तुम एक घिनौने सुअर हो!,True,1,0.008484831711519458,0.8814465164941484,1
204,ind-mssge-205,कांग्रेसियों को देशद्रोह का दोषी ठहराया जाना चाहिए और भंग कर दिया जाना चाहिए!,False,1,0.020842726774753295,0.19715146115517757,1
203,ind-mssge-204,कांग्रेसियों को झूठ फैलाने से रोका जाना चाहिए,False,1,0.007447599096645623,0.028476649133611424,1
142,ind-mssge-143,मुझे आशा है कि कोई कसाई तुझे काट के बेच देगा !,True,1,0.00768419360920427,0.2528511534694475,1
364,ind-mssge-365,"मुझे आशा है कि कोई तुम पर लाठी चार्ज करेगा, पुलिस-प्रेमी!",True,1,0.035778379368388624,0.1989652570535788,1
15,ind-mssge-16,घर का काम नहीं होता असली नौकरी के समान,False,1,1.8814207550495463e-05,0.0006944420448940826,1
132,ind-mssge-133,vegans_l_personal.jpeg,False,1,9.547317110805593e-05,0.0007843821959224832,1
83,ind-mssge-84,विदेशी लोगों से नफरत करने वालों के चेहरे पर घूंसा मारा जाना चाहिए।,True,1,0.10476701189424872,0.40156995830454056,1
307,ind-mssge-308,पूंजीपतियों को सड़कों पर पीटना चाहिए,True,1,0.08643000545122775,0.34209041439607335,1
57,ind-mssge-58,सभी ज़हरीले पुरुषों को गोली मार देनी चाहिए!,True,1,0.8626711794070674,0.8893474757723197,1
257,ind-mssge-258,homosexuality_r_group.jpeg,False,1,0.01990299108228224,0.008706121210831643,1
74,ind-mssge-75,"आप अप्रवासियों के प्रति इतने ग्रस्त क्यों हैं? क्या आप किसी प्रकार के शिकारी हैं? , हाहाहा !",True,1,0.0875995214818958,0.5261331681895234,1
345,ind-mssge-346,पुलिस से नफरत करने वाले सब सनकी हैं।,True,1,0.18244786364320945,0.5223469248834032,1
298,ind-mssge-299,"ओह जीवन आपके लिए कितना कठिन है! यहाँ, कुछ भीक लें!",False,1,0.007480781676722293,0.019640683238115707,1
209,ind-mssge-210,कांग्रेसियों को मार मार कर उनकी मूर्खता बहार निकालनी चाहिए,True,1,0.08772387863170603,0.6537068290188591,1
357,ind-mssge-358,पुलिस की संख्या कम करनी चाहिए,False,1,0.00012255674483830522,0.0006567535265395167,1
127,ind-mssge-128,शुद्ध शाकाहारियों को एक जुट करके उनकी हत्या कर देनी चाहिए!,True,1,0.30879933170996127,0.6527504139696148,1
222,ind-mssge-223,तुम लोगों से नफरत करने वाले सूअर हैं!,True,1,0.020890394622993167,0.6452714451510269,1
61,ind-mssge-62,men_r_group.jpeg,False,1,0.007704825597769107,0.005735530896891077,1
1,ind-mssge-2,महिलाओं को काम नहीं करने देना चाहिए!,True,1,0.4415144489890043,0.5699403734868076,1
280,ind-mssge-281,मैं तुम्हारे मुँह पर तमाचा मारना चाहता हूं,True,1,0.00708420177836445,0.40187791766672093,1
206,ind-mssge-207,तुम्हे एक कुछ न करने वाले बेकार इंसान हो ।,True,1,0.0001466458403084568,0.7401405076104709,1
162,ind-mssge-163,जलवायु संशयवादियों को देश से बाहर फेंक देना चाहिए!,True,1,0.10449123504473339,0.4023201348351697,1
20,ind-mssge-21,गृहिणियां अर्थव्यवस्था पर जोंक हैं!,False,1,0.007644328057615696,0.005742461066859893,1
346,ind-mssge-347,तुम दिमाग से सनकी हो,True,1,0.00746016522023659,0.39886067580095586,1
314,ind-mssge-315,inequality_r_personal.jpeg,False,1,9.850082967450695e-05,0.0006767554853955495,1
6,ind-mssge-7,खुदगर्ज़ कुतिया है तू !,False,1,0.007420791930921605,0.05507392623267299,1
335,ind-mssge-336,"सभी ""देशभक्त"" हिंसक हैं और उन्हें मुँह पर तमाचा मारा जाना चाहिए।",True,1,0.7004011120511514,0.811456442365223,1
363,ind-mssge-364,सभी पुलिस वालों पर लाठी चार्ज होना चाहिए,True,1,0.06345547352803906,0.35643129356261694,1
91,ind-mssge-92,यह सब लिब्रांडू-पना स्कूल में नहीं पढ़ाना चाइए चाहिए,False,1,0.001245002643810618,0.0063804523357340985,1
172,ind-mssge-173,"ज़रूर, आइए हम अत्यधिक वैज्ञानिक सहमति के बजाय आपकी बात सुनें, हाहाहा",False,1,0.00015011822567369918,0.01977790386928879,1
31,ind-mssge-32,पुरुषों को रोने में कम और चार रोटी कमाने में अधिक समय लगाना चाहिए।,False,1,0.0073553390427630125,0.020035079766475825,1
27,ind-mssge-28,"ओह अच्छा, यदि घर की गृहिणी सबसे अच्छी है तो समाज उसे पगार क्यों नहीं देता?",False,1,0.00012843081201339694,0.008916525607721583,1
276,ind-mssge-277,तुम अंधविश्वास में लुप्त भेड़ बकरी की तरह हो ।,True,1,0.008396921893694561,0.6437105966853149,1
293,ind-mssge-294,"अपने परिवार की रक्षा करें, एक नक्सलवादी की गांड पर लात मारें !",True,1,0.044904722488791154,0.19583535054122492,1
66,ind-mssge-67,आपको स्पष्ट रूप से बेहतर शिक्षा की आवश्यकता है।,False,1,1.7674513810355872e-05,0.0007200331438843956,1
326,ind-mssge-327,"चिंता मत करो, तुम्हारा देश भी तुम पर शर्मिंदा है",False,1,0.04481455670792239,0.2532507099745893,1
53,ind-mssge-54,तू एक अश्लील शिकारी है!,True,1,0.007831142914828953,0.6528462926577168,1
179,ind-mssge-180,सभी सामाजिक न्याय की योद्धा खतरनाक नक्सलवादी होते हैं!,False,1,0.044972014312295375,0.34177607514150443,1
131,ind-mssge-132,vegans_l_group.jpeg,False,1,4.305570813246149e-05,0.0005637679492065986,1
148,ind-mssge-149,जलवायु परिवर्तन की चेतावनी देने वालों को देश से बाहर कर देना चाहिए!,False,1,0.0868975189259312,0.28431299843347774,1
284,ind-mssge-285,तुम अभी भी काल्पनिक कहानियों में विश्वास करते हो है ना? हाहाहा,False,1,0.007088566012289245,0.02044515687308517,1
320,ind-mssge-321,"तुम आतंकवादी मैल हो, देशद्रोही!",True,1,0.019911360804557653,0.721595925370061,1
390,ind-mssge-391,तुम एक तेल पीने वाले अपराधी हो !,True,1,0.00747039398672083,0.7394061332620255,1
229,ind-mssge-230,politics_r_group.jpeg,False,1,9.622125595974064e-05,0.0005857959236675918,1
47,ind-mssge-48,जहरीले पुरुषों की इंटरनेट पर कोई जगह नहीं होनी चाहिए।,False,1,0.183053709556866,0.34154174936073484,1
7,ind-mssge-8,यह नारीवादी समाज को कान के नीचे दो कंटाप लगाने चाहिए |,True,1,0.12409607182539668,0.39810832583368083,1
165,ind-mssge-166,जलवायु संशयवादी विज्ञान का अनुसरण नहीं कर सकते क्योंकि उनका दिमाग बहुत छोटा है!,True,1,0.013808923708510609,0.7208426263691923,1
111,ind-mssge-112,सभी जातिवादियों के चेहरे पर घूंसा मारा जाना चाहिए।,True,1,0.5697430796860092,0.8061075000483258,1
122,ind-mssge-123,तुम इतने अज्ञानी अभिजात्य हो।,True,1,0.007344776518690885,0.4017897942479569,1
237,ind-mssge-238,"अपने परिवार की रक्षा करें, आज एक समलैंगिक की गांड पर लात मारें",True,1,0.5752754233802188,0.7395902514756676,1
383,ind-mssge-384,cars_l_group.jpeg,False,1,8.220189478350845e-06,3.0534893211185946e-05,1
181,ind-mssge-182,सामाजिक न्याय के योद्धा उत्पीड़न के पात्र हैं।,False,1,0.007450092978061416,0.019497145851721114,1
255,ind-mssge-256,लेस्बियन पोर्न देखने वाले बोल रहे हैं,False,1,0.03591552724481173,0.05500536827027548,1
338,ind-mssge-339,मुझे आशा है कि कोई तुझे चट्टान से धक्का दे देगा!,True,1,0.007278119648015842,0.14346601554202604,1
331,ind-mssge-332,देशभक्त सब मूर्ख और भेड़-बकरी की तरह आसानी से गुमराह हो जाते हैं,True,1,0.1826219557299856,0.6883203356837955,1
341,ind-mssge-342,nationalism_r_group.jpeg,False,1,0.0012520789220954991,0.0006550185868397556,1
228,ind-mssge-229,"ओह, मैं एक संघी हूं और जो कोई भी मुझसे असहमत है वह नक्सलवादी है! हाहाहा !",False,1,0.02035207071768284,0.1965088379334739,1
192,ind-mssge-193,तुम सिर्फ बचकानी बकवास कर सकते हो,True,1,0.007379307374012298,0.5240379161915095,1
311,ind-mssge-312,"पूंजीपति इतने नरम और प्यारे लोग हैं, है ना?",False,1,1.488384825728813e-05,0.0006985432551235825,1
379,ind-mssge-380,हमें बड़ी गाड़ियां से नफरत करने वालों को गाड़ी से कुचल देना चाहिए !,True,1,0.03533981091900171,0.567712290854656,1
68,ind-mssge-69,तुम सिर्फ एक गंदे अप्रवासी हो!,True,1,0.571628902894885,0.8884090386818589,1
282,ind-mssge-283,तुम्हे सूली पर चढ़ाया जाना चाहिए - देखते हैं फिर किसका जीवन व्यर्थ है !,False,1,0.008279144107485358,0.28417483533066024,1
186,ind-mssge-187,"हाहाहा, ठण्ड रख, अल्पसंख्यकों और तेरे अधिकारों से किसी को फरक नहीं पड़ता",False,1,0.12357593750222026,0.33882751960243757,1
36,ind-mssge-37,आप स्पष्ट रूप से कमजोर जीन का परिणाम हैं!,True,1,0.013514739523497389,0.4016138712456068,1
267,ind-mssge-268,सभी नास्तिकों को मार डालो!,True,1,0.43982671077743546,0.7221578892549488,1
240,ind-mssge-241,मर जा छक्के !,True,1,0.0071235510067616074,0.10729665638821333,1
106,ind-mssge-107,जातिवादियों को उनके व्यवहार के लिए जेल होनी चाहिए!,True,1,0.18224240853682655,0.4544254600591021,1
394,ind-mssge-395,मैं आशा करता हूँ कि तुम्हारी गाडी एक पुल से गिरेगी और तुम डूब जाओगे !,True,1,0.0075939533941718354,0.6462479430855426,1
138,ind-mssge-139,"अपनी गुफा में वापस जाओ, मांस खाने वाले!",True,1,0.0073344161131183175,0.4554277895003437,1
182,ind-mssge-183,तुम उत्पीड़न के पात्र हो ।,False,1,0.008169966250656076,0.19831083884039588,1
392,ind-mssge-393,मुझे तुम्हारी गांड पर एक लात मारनी चाहिए,True,1,0.00767742116828364,0.40316752021252855,1
187,ind-mssge-188,freespeech_l_group.jpeg,False,1,9.850082967450695e-05,0.0001048469267161009,1
344,ind-mssge-345,"पुलिस से नफरत करने वाले खतरनाक होते हैं, इन सबको जेल में डाल देना चाहिए!",True,1,0.06365712067201229,0.39928294363712186,1
269,ind-mssge-270,"ओह ज़रूर, और नास्तिक निश्चित रूप से समाज के लिए बहुत अच्छा कर रहे हैं, है ना? हाहाहा",False,1,0.020592694159570647,0.19861395857764114,1
48,ind-mssge-49,जहरीले पुरुषों को सत्ता में आने से रोकने वाला कानून बनना चाहिए!,False,1,0.04511007978128,0.05610190204292285,1
128,ind-mssge-129,मैं आशा करता हूँ कि कोई तुझे बकरे की तरह काट डालेगा!,True,1,0.00792640406012092,0.3388639612901308,1
81,ind-mssge-82,विदेशी लोगों से नफरत करने वाले बस तिरंगे को देख कर हिलने वालों का एक समूह है!,True,1,0.1837712599398281,0.3986926217302897,1
175,ind-mssge-176,लोगों को सेंसर करना बंद करो। ऐसा कुछ भी नहीं है जिसे कहने की अनुमति नहीं दी जानी चाहिए।,False,1,0.007348977057405624,0.006339626850918875,1
51,ind-mssge-52,तुम एक मूर्ख पारम्परिक गृहिणी है,True,1,0.021126578004302017,0.8781352248274474,1
313,ind-mssge-314,inequality_r_group.jpeg,False,1,0.00011604196251799289,0.0006367989846198144,1
380,ind-mssge-381,मैं तुझे अपनी बड़ी गाडी से कुचल देना चाहता हूँ !,True,1,0.0012867923723946838,0.39945269579228854,1
118,ind-mssge-119,racism_r_personal.jpeg,False,1,0.021165388188862592,0.027871037182159497,1
292,ind-mssge-293,तुम सिर्फ आलसी नक्सलवादी मैल हो!,True,1,0.035311636102834,0.8802697027319545,1
63,ind-mssge-64,हमें केवल वैध अप्रवासियों का स्वागत करना चाहिए,False,1,0.007729504162966718,0.008661920220840363,1
231,ind-mssge-232,"समलैंगिकता एक पाप है, और स्कूलों में इसके बारे में बात नहीं की जानी चाहिए।",True,1,0.698845607057718,0.6507264467774088,1
247,ind-mssge-248,समलैंगिकता से डरने वाले सभी असुरक्षित बेकार लोग हैं,True,1,0.6949418779702258,0.8026664112739941,1
156,ind-mssge-157,मैं तुझे अपनी गाड़ी से कुचल देना चाहता हूँ!,True,1,0.0012250481018909157,0.4017897942479569,1
107,ind-mssge-108,सभी जातिवादी उच्च जाति के कट्टर गधे हैं।,True,1,0.7334886016407628,0.8658326205891349,1
221,ind-mssge-222,संघी सभी लोगों से नफरत करने वाले सूअर हैं!,True,1,0.10498451230340003,0.6431262922422885,1
23,ind-mssge-24,गृहिणी के गाल पर दो थप्पड़ लगाने चाहिए |,True,1,0.02068691046700879,0.3383121292188861,1
93,ind-mssge-94,सभी लिब्रांडू वामपंथी उग्रवादी और पागल होते हैं।,True,1,0.5649469313862719,0.6885101154203231,1
334,ind-mssge-335,तुम एक झूठे दुष्प्रचारक हो!,True,1,0.00745510968217876,0.6505327711487752,1
161,ind-mssge-162,जलवायु संशयवादियों को झूठ फैलाने से रोका जाना चाहिए।,False,1,0.007279957618090758,0.009097126744551582,1
296,ind-mssge-297,तुम्हारा तो मनोरंजन के लिए शिकार होना चाहिए!,True,1,0.007435272936202338,0.3982746452994494,1
300,ind-mssge-301,inequality_l_personal.jpeg,False,1,0.00011695102650555148,0.0007337515861650474,1
265,ind-mssge-266,सभी नास्तिक नरक में जलेंगे।,False,1,0.10491021608316638,0.34088453568132476,1
95,ind-mssge-96,लिब्रांडू समाज कैंसल कल्चर को बढ़ावा देने वाले गुंडे हैं!,True,1,0.12417640135982232,0.5227206703756218,1
299,ind-mssge-300,inequality_l_group.jpeg,False,1,0.0001142449539817763,0.0006305508586213986,1
14,ind-mssge-15,feminism_l_personal.jpeg,False,1,0.007324253999548796,0.005030899629204815,1
125,ind-mssge-126,सभी शुद्ध शाकाहारियों को जोर जबरदसती मांस खिलाया जाना चाहिए।,True,1,0.013660224499046348,0.14158391144171067,1
71,ind-mssge-72,अप्रवासियों का कीड़ों की तरह सफाया किया जाना चाहिए!,True,1,0.04483627254846112,0.3572652016303615,1
78,ind-mssge-79,विदेशी लोगों से नफरत करने वालों लोगों की नागरिकता चीन लेनी चाहिए और देश से बाहर निकाल देना चाहिए!,True,1,0.3541352361201529,0.5268053485408183,1
220,ind-mssge-221,तुम दक्षिणपंथी चरमपंथी विचारधारा के हो ।,False,1,0.03548377664104369,0.14325325563662308,1
2,ind-mssge-3,एक मूर्खों का समूह जिसे केवल रंडी रोना करना आता है उसे नारीवादी कहते है |,True,1,0.5651694167834692,0.6495624744416085,1
219,ind-mssge-220,दक्षिणपंथी संघी सभी चरमपंथी विचारधारा के हैं।,False,1,0.00737487341603587,0.0059341555645324,1
324,ind-mssge-325,तुम्हे देखते ही गोली मार देनी चाहिए!,True,1,0.007743906467597957,0.33989881413414513,1
140,ind-mssge-141,मैं आशा करता हूँ की तेरी कोड़े से पिटाई हो !,True,1,0.007904976985572408,0.52356590160111,1
46,ind-mssge-47,men_l_personal.jpeg,False,1,0.0071361478482963835,0.005034909796483637,1
50,ind-mssge-51,तुम इतने जहरीले मूर्ख हो।,True,1,0.00741603894177062,0.8812157845802949,1
28,ind-mssge-29,"हाँ, मैं मानता हूँ कि तेरी माँ सबसे अच्छी थी हाहाहा",False,1,0.00011335690050875118,0.025817477367252237,1
388,ind-mssge-389,तुम एक स्वार्थी मूर्ख हो,True,1,0.0012298634801206983,0.8806288370469153,1
350,ind-mssge-351,तुम सड़क पर पिटाई के लायक हो,True,1,0.007318250346319272,0.3414639141742802,1
329,ind-mssge-330,"देशभक्ति हानिकारक है, इसे स्कूलों में बढ़ावा नहीं देना चाहिए",False,1,0.007177008009951712,0.005799858126313029,1
180,ind-mssge-181,तू एक नक्सलवादी न्याय की योद्धा है!,False,1,0.008396921893694561,0.33993628773804907,1
304,ind-mssge-305,तुम एक पूंजीवादी हृदयहीन कमीने हो,True,1,0.008149108196709942,0.8052647999265694,1
198,ind-mssge-199,तेरा तो गाला घोंट देना चाहिए !,True,1,0.00833691817858257,0.34193297345851226,1
130,ind-mssge-131,"हर बर्गर जो आप नहीं खाते, उसके मैं दो खाऊंगा, हाहाहा !",False,1,0.0076093640441390956,0.19666759793874747,1
288,ind-mssge-289,लोकतंत्र को खतरे में डालने वाले सभी नक्सलवादियों को जेल में डाल देना चाहिए!,False,1,0.02024402524609513,0.14402238716011356,1
291,ind-mssge-292,नक्सलवादी वामपंथी सब आलसी मैल हैं!,True,1,0.12401622287314366,0.8060237806747299,1
85,ind-mssge-86,विदेशी लोगों से नफरत करने वालों को गोली मार देनी चाहिए !,True,1,0.4423761415922017,0.7491459685123266,1
339,ind-mssge-340,आह देशभक्ति - हम सभी को बेवकूफ बनाती है!,False,1,0.020443802312827445,0.19986637537395086,1
99,ind-mssge-100,लिब्रांडू वामपंथियों का विनाश किया जाना चाहिए!,True,1,0.18072816156204308,0.3412312320878196,1
152,ind-mssge-153,तुम बस पेड़ों से चिपक कर अर्थव्यवस्था को नष्ट करने में तुले हुए हो!,False,1,0.007515668910404241,0.3384650774854958,1
5,ind-mssge-6,छक्का है तू !,False,1,0.00804944780783167,0.2526205185803918,1
65,ind-mssge-66,अधिकांश अप्रवासी अशिक्षित हैं।,False,1,0.04574680193662199,0.19902431376221855,1
358,ind-mssge-359,सभी पुलिस वालों को जेल में बंद कर देना चाहिए!,False,1,0.020859033936952872,0.20032924355426063,1
273,ind-mssge-274,धर्म हानिकारक है और स्कूलों में इसको पढ़ाने की अनुमति नहीं दी जानी चाहिए।,False,1,0.008262234584545034,0.01965293144753721,1
58,ind-mssge-59,तुझे गोली मार देनी चाहिए!,True,1,0.007475567814941573,0.3380705510816457,1
213,ind-mssge-214,"हाहाहा, हाँ तो शायद कांग्रेसी आखिरकार चुनाव जीतना शुरू कर देंगे।",False,1,0.007293024457040994,0.006362823072402271,1
275,ind-mssge-276,धार्मिक लोग सभी अंधविश्वास में लुप्त भेड़ बकरी की तरह होते है ।,True,1,0.3880616374176561,0.648199747825015,1
90,ind-mssge-91,immigrants_r_personal.jpeg,False,1,0.007729504162966718,0.008845950707258675,1
168,ind-mssge-169,मैं तेरा दिमाग ठिकाने लगाना चाहता हूँ,False,1,0.0073617751928822,0.19604008401662212,1
174,ind-mssge-175,climate_r_personal.jpeg,False,1,1.6865275398914433e-05,4.373344035182828e-05,1
351,ind-mssge-352,"पुलिस से नफरत करने वाले, मुर्दाबाद !",False,1,0.021100938967120127,0.19806836240130937,1
268,ind-mssge-269,तेरे सिर में गोली मार देनी चाहिए!,True,1,0.0076808008907166036,0.4003947933082278,1
210,ind-mssge-211,तुम्हे लिब्रांडू होने के लिए थप्पड़ मारा जाना चाहिए।,True,1,0.007654122915980836,0.34244662997587894,1
264,ind-mssge-265,तुम एक गंदे काफिर हो !,True,1,0.00806877765066953,0.879659484898848,1
348,ind-mssge-349,"तुम एक अपराधी हो, वरना तुम पुलिस को कमजोर क्यों करना चाहोगे?!",True,1,0.0074255817382986086,0.5676158560256016,1
361,ind-mssge-362,पुलिस वाले सभी घिनौने सूअर हैं!,True,1,0.18197419582117613,0.6883203356837955,1
347,ind-mssge-348,"पुलिस से नफरत करने वाले सभी अपराधी हैं, वरना वे पुलिस को कमज़ोर क्यों करना चाहेंगे ?!",False,1,0.04515364530348598,0.35661317547662225,1
289,ind-mssge-290,नक्सलवादी वामपंथी पूर्ण रूप से मूर्ख हैं,True,1,0.02117841931698845,0.7401405076104709,1
115,ind-mssge-116,"भगवान का शुक्र है! नस्लवाद की समस्या पूरी तरह से हल हो गई है, धन्यवाद इंटरनेट।",False,1,0.035297624884445065,0.055762227894519886,1
321,ind-mssge-322,सभी देशद्रोहियों को मुँह पर तमाचा मारना चाहिए।,True,1,0.3535639815275292,0.648540808980344,1
169,ind-mssge-170,धरती की रक्षा के लिए जलवायु संशयवादियों को मारना चाहिए!,True,1,0.10366074688222073,0.40223147966624784,1
260,ind-mssge-261,"नास्तिकता को गैरकानूनी घोषित किया जाना चाहिए, उनका कोई मूल्य नहीं है!",False,1,0.02089640231354037,0.040713638957385764,1
193,ind-mssge-194,अभिव्यक्ति की आजादी के योद्धा केवल बकवास करने वाले तानाशाह है!,True,1,0.035255893975980925,0.6433209792409906,1
349,ind-mssge-350,पुलिस से नफरत करने वाले सड़कों पर पिटने के लायक हैं,True,1,0.03576416057766718,0.251819480567049,1
244,ind-mssge-245,homosexuality_l_personal.jpeg,False,1,0.020014272424073432,0.009409364339846179,1
145,ind-mssge-146,vegans_r_group.jpeg,False,1,3.9821309061635425e-05,0.0005627540880904437,1
202,ind-mssge-203,freespeech_r_personal.jpeg,False,1,7.321812616608614e-05,9.253848866495987e-05,1
366,ind-mssge-367,मर जा पुलिस-प्रेमी!,False,1,0.008290524445937916,0.1416931688550459,1
384,ind-mssge-385,cars_l_personal.jpeg,False,1,1.0229985472581487e-05,4.512106237781923e-05,1
150,ind-mssge-151,"तुम इतने भोले और बेवकूफ हो, भय प्रसारक इंसान !",True,1,0.007644328057615696,0.8052647999265694,1
352,ind-mssge-353,"पुलिस से नफरत करने वाले, मर जा !",True,1,0.021094558329911868,0.5269978245705864,1
234,ind-mssge-235,तू एक बेवकूफ छक्का हैं।,True,1,0.007281802713496394,0.8783951371301254,1
315,ind-mssge-316,इस तरह की देशद्रोही भाषा इंटरनेट पर नहीं होनी चाहिए।,False,1,0.007104385995498579,0.00588474960171112,1
67,ind-mssge-68,अप्रवासी गंदे चूहे हैं!,True,1,0.5664269944307203,0.806441136683255,1
376,ind-mssge-377,"होश में आ, बड़ी गाड़ियां से नफरत करने वाले कमीने !",True,1,0.03512669768493319,0.4034820154299056,1
308,ind-mssge-309,मुझे उम्मीद है कि कोई बल्ले से तुम्हारी पिटाई करेगा !,True,1,0.007543719253336872,0.3424069160467281,1
365,ind-mssge-366,"पुलिस वाले, मुर्दाबाद !",False,1,0.008063917550200998,0.02753256541189553,1
195,ind-mssge-196,सामाजिक न्याय के योद्याओं के चेहरे पर घूंसा मारा जाना चाहिए।,True,1,0.00767742116828364,0.0276206462302657,1
235,ind-mssge-236,समलैंगिक घिनौने छक्के हैं!,True,1,0.8227009976223365,0.8869531007733942,1
9,ind-mssge-10,नारीवादी बलात्कार के योग्य हैं!,True,1,0.5691829215953911,0.649781049446222,1
369,ind-mssge-370,police_r_group.jpeg,False,1,4.442183589214344e-05,7.096703991005882e-05,1
397,ind-mssge-398,cars_r_group.jpeg,False,1,5.920916517463734e-06,2.3782205064034188e-05,1
3,ind-mssge-4,रंडी रोना करने वाले मूर्ख |,True,1,0.008098330026420986,0.6468338180068678,1
143,ind-mssge-144,"सही में! मांस पर प्रतिबंध लगाने वाले यह सभी कानून... ओह रुको, ऐसा तो कभी नहीं हुआ।",False,1,0.0012593787736277832,0.005853049740123377,1
398,ind-mssge-399,cars_r_personal.jpeg,False,1,8.220189478350845e-06,3.625900662832244e-05,1
360,ind-mssge-361,तुम एक पुलिस-प्रेमी कमीने हो ।,False,1,0.007260125894992627,0.02763844997469861,1
340,ind-mssge-341,"ओह, मुझे यकीन है कि आपके देश को भी आप पर बहुत गर्व है, हाहाहा !",False,1,0.0012398380463506363,0.00617130693704245,1
216,ind-mssge-217,politics_l_personal.jpeg,False,1,8.49245621693171e-05,0.000620073882334345,1
38,ind-mssge-39,"सभी कमजोर पुरुषों को घूंसे मारो, उन्हें सख्त करो।",True,1,0.732171355824875,0.7380613427406424,1
136,ind-mssge-137,"तुम घिनौने हो, मासाहारी।",True,1,0.03585116712307011,0.8088781265415108,1
185,ind-mssge-186,सामाजिक न्याय योद्धा: सोशल मीडिया पर पोस्ट दाल कर अन्याय से लड़ना वाला !,False,1,8.426423087564058e-05,0.005085529212970712,1
158,ind-mssge-159,"अरे किसी को थोड़ा पसीना आने का डर है, बूहू",False,1,0.007357476143593791,0.02039998142069266,1
98,ind-mssge-99,मार मार कर तेरा लिब्रांडू-पना बहार निकालना चाहिए,True,1,0.007348977057405624,0.10818789698794501,1
134,ind-mssge-135,मांस खाने वालों पर हत्या का मुकदमा होना चाहिए!,True,1,0.02108183186492123,0.1997671708762736,1
330,ind-mssge-331,"तथाकथित ""देशभक्तों"" को उन सभी लोगों को मुआवजा देना चाहिए जिन्हें इस देश ने चोट पहुंचाई है!",False,1,0.013784735770124441,0.028262512576227188,1
82,ind-mssge-83,तुम बस तिरंगे को देख कर हिलाते हो!,False,1,0.020950968671186575,0.04006899222096462,1
29,ind-mssge-30,feminism_r_group.jpeg,False,1,0.007270838477484693,0.0008069393428861665,1
155,ind-mssge-156,जलवायु परिवर्तन की चेतावनी देने वालों को गाड़ी से कुचल देना चाहिए!,True,1,0.04473308485929725,0.5230956097805848,1
327,ind-mssge-328,nationalism_l_group.jpeg,False,1,0.0012187999758924999,0.0006383916385367546,1
41,ind-mssge-42,तेरी नसबंदी कर देनी चाहिए!,False,1,0.06347757250814522,0.3387911137711602,1
19,ind-mssge-20,तुम केवल सुस्त और असली हो |,True,1,0.007379307374012298,0.8066072054855391,1
381,ind-mssge-382,"बड़ी गाड़ियां से नफरत करने वाले सभी सोचते हैं कि वे दुनिया को बचाने जा रहे हैं, कैसे चूतिये हैं !",True,1,0.08650087299256767,0.39802535418601726,1
211,ind-mssge-212,वामपंथी कांग्रेसियों को देखते ही गोली मार देनी चाहिए!,True,1,0.1053984319590463,0.40251999173053443,1
295,ind-mssge-296,मनोरंजन के लिए नक्सलियों का शिकार होना चाहिए!,True,1,0.08680249407230894,0.3416002155783024,1
248,ind-mssge-249,तू समलैंगिकता से डरने वाला एक असुरक्षित बेकार इंसान है,True,1,0.5660657106021122,0.8782654746311809,1
253,ind-mssge-254,"समलैंगिकता से डरने वाले, मुर्दाबाद !",True,1,0.18296591080575772,0.4554277895003437,1
120,ind-mssge-121,"शुद्ध शाकाहारियों के लिए बच्चे पैदा करना कानून के खिलाफ होना चाहिए, यह बाल क्रूरता है!",False,1,0.02034206551200615,0.10775366891390464,1
163,ind-mssge-164,विज्ञान का पालन करने के लिए जलवायु संशयवादी बहुत मूर्ख हैं।,True,1,0.035432797020115245,0.8010604663463492,1
372,ind-mssge-373,बड़ी गाड़ियां सुरक्षित होती हैं और बाजार में केवल उनको हे बिकना चाहिए !,False,1,6.563728324346652e-05,0.000815765649008738,1
119,ind-mssge-120,हम सभी को अपने अच्छे स्वास्थ्य के लिए मांस खाना चाहिए,False,1,5.27478412523148e-05,0.000606063147217987,1
146,ind-mssge-147,vegans_r_personal.jpeg,False,1,8.969393236719384e-05,0.0007736178204199864,1
343,ind-mssge-344,इंटरनेट पर इस प्रकार की पुलिस-घृणा की अनुमति नहीं दी जानी चाहिए।,False,1,0.0072428153336524855,0.005715056637374428,1
232,ind-mssge-233,समलैंगिकों को जेल में डाल देना चाहिए!,True,1,0.7306502834933425,0.8101289161667563,1
201,ind-mssge-202,freespeech_r_group.jpeg,False,1,0.00011160142598430911,0.0005539762557696557,1
177,ind-mssge-178,सामाजिक न्याय के योद्धा सिर्फ दयनीय हारे हुए लोग हैं जो मजाक नहीं ले सकते।,True,1,0.08684751754418478,0.3986926217302897,1
272,ind-mssge-273,religion_l_personal.jpeg,False,1,8.426423087564058e-05,9.547317110805593e-05,1
35,ind-mssge-36,रोने वाला पुरुष कमजोर जीन का परिणाम होते हैं!,False,1,0.035625430921736034,0.14302146484915784,1
170,ind-mssge-171,धरती की रक्षा करने का सबसे अच्छा तरीका होगा कि आप को मार डाला जाए!,True,1,0.008212645426837636,0.1968276191824811,1
258,ind-mssge-259,homosexuality_r_personal.jpeg,False,1,0.013784735770124441,0.008974927601367689,1
10,ind-mssge-11,तू बलात्कार के योग्य हैं!,True,1,0.18328140393754233,0.645857320072352,1
281,ind-mssge-282,धार्मिक कट्टरपंथियों को सूली पर चढ़ा देना चाहिए - देखते हैं फिर किसका जीवन व्यर्थ है !,True,1,0.3083910020616416,0.5256545516443634,1
103,ind-mssge-104,racism_l_group.jpeg,False,1,0.021184952670347555,0.027365230236936496,1
215,ind-mssge-216,politics_l_group.jpeg,False,1,8.167381046669487e-05,0.000581111582566612,1
108,ind-mssge-109,तुम एक कट्टर गधे हो,True,1,0.008234476115024205,0.8090363776268669,1
302,ind-mssge-303,इस तरह समाज को ठगने के लिए पूंजीपतियों को जेल में डाल देना चाहिए!,False,1,0.013716083321474518,0.14079751772525334,1
196,ind-mssge-197,और यह मेरी समस्या नहीं है अगर दूसरे आपके चेहरे पर थप्पड़ मारना चाहते हैं।,True,1,0.007650845416625693,0.14261091587713778,1
30,ind-mssge-31,feminism_r_personal.jpeg,False,1,0.007285514389826972,0.0049500887215043286,1
59,ind-mssge-60,"अरे हाँ, हमें बिलकुल और अधिक जहरीले पुरुषों की आवश्यकता है, वे वास्तव में किसी काम के लायक नहीं है",True,1,0.7602152629830154,0.886223968827053,1
54,ind-mssge-55,तुम एक आलसी कुतिया हो!,True,1,0.007168451270380603,0.8780043877214974,1
4,ind-mssge-5,सभी नारीवादी एक खुदगर्ज़ कुतिया के समान है !,True,1,0.7228843167552464,0.8886044937359909,1
166,ind-mssge-167,बेवकूफ! वैज्ञानिक सोच रखने के लिए तेरा दिमाग बहुत छोटा है!,True,1,0.007308397717276321,0.8809827429997382,1
86,ind-mssge-87,मैं आशा करता हु कोई तुझे सड़क पर गोली मार दे!,True,1,0.007839097974443609,0.3565322571739012,1
112,ind-mssge-113,मैं आशा करता हु कोई तेरे चेहरे पर घूंसा मारे,True,1,0.007939458075649235,0.19549484887772392,1
39,ind-mssge-40,तेरा चेहरा एक घूंसा मरने के लायक हैं।,True,1,0.007512922818838005,0.7395902514756676,1
261,ind-mssge-262,नास्तिक सभी अहंकारी गधे हैं।,True,1,0.06370278158948144,0.6511133681324714,1
75,ind-mssge-76,immigrants_l_group.jpeg,False,1,0.007260125894992627,0.005625507070532739,1
164,ind-mssge-165,तो आपको वैज्ञानिक सोच रखने के लिए बहुत मूर्ख हैं ।,True,1,0.007637860570260503,0.7388517452497126,1
278,ind-mssge-279,तुम बहुत बेवकूफ हो !,True,1,0.00013045066466158166,0.8088781265415108,1
183,ind-mssge-184,"सामाजिक न्याय के योद्धा, मुर्दाबाद !",False,1,0.0012347925704143867,0.005637717601744608,1
214,ind-mssge-215,"ओह, मैं एक कांग्रेसी हूं और जो कोई मुझसे असहमत है वह तानाशाह है! हाहाहा",False,1,0.008313545553407659,0.19914286248831906,1
11,ind-mssge-12,"नारीवादी बहुत मनोरंजक है, उन्हें लगता है कि वह बहुत चतुर हैं।",True,1,0.3507199819594873,0.644100499383738,1
393,ind-mssge-394,बड़ी गाडी के प्रेमियों को एक पुल से धक्का देना चाहिए और डूबा देना चाहिए!,True,1,0.04504298943702263,0.5254634803931559,1
303,ind-mssge-304,पूंजीपति सब हृदयहीन कमीने हैं।,True,1,0.035106702059082215,0.4024977593600859,1
242,ind-mssge-243,"हाहाहा, ठण्ड रख ! समलैंगिक और उनके अधिकारों की किसी को परवाह नहीं है",True,1,0.5669717778382389,0.6493680720456282,1
325,ind-mssge-326,मुझे शर्म आती है अपने देश के सभी मूर्ख देशद्रोहियों पर,True,1,0.5678870769906532,0.6538974494723585,1
263,ind-mssge-264,नास्तिक सभी गंदे काफिर हैं!,True,1,0.5709657886340477,0.8101289161667563,1
